<?xml version="1.0" encoding="UTF-8"?>
<project-private xmlns="http://www.netbeans.org/ns/project-private/1">
    <editor-bookmarks xmlns="http://www.netbeans.org/ns/editor-bookmarks/2" lastBookmarkId="0"/>
    <open-files xmlns="http://www.netbeans.org/ns/projectui-open-files/2">
        <group>
            <file>file:/C:/Users/Admin/Desktop/Lab7/src/Lab7_bai7/IP_Intranet.java</file>
            <file>file:/C:/Users/Admin/Desktop/Lab7/src/Lab7_bai7/IP_Type.java</file>
            <file>file:/C:/Users/Admin/Desktop/Lab7/src/Lab7_bai6/bai6.java</file>
            <file>file:/C:/Users/Admin/Desktop/Lab7/src/Lab7_bai7/Lab7.java</file>
            <file>file:/C:/Users/Admin/Desktop/Lab7/src/Lab7_bai3/CheckIP.java</file>
            <file>file:/C:/Users/Admin/Desktop/Lab7/src/Lab7_bai4/bai4.java</file>
            <file>file:/C:/Users/Admin/Desktop/Lab7/src/Lab7_bai5/bai5.java</file>
            <file>file:/C:/Users/Admin/Desktop/Lab7/src/Lab7_bai2/AllAddr.java</file>
            <file>file:/C:/Users/Admin/Desktop/Lab7/src/Lab7_bai7/Check_2D.java</file>
            <file>file:/C:/Users/Admin/Desktop/Lab7/src/Lab7_bai7/IP_Domain.java</file>
            <file>file:/C:/Users/Admin/Desktop/Lab7/src/Lab7_bai7/Find_Domain.java</file>
            <file>file:/C:/Users/Admin/Desktop/Lab7/src/Lab7_bai7/bai7.java</file>
            <file>file:/C:/Users/Admin/Desktop/Lab7/src/Lab7_bai7/JLab7.java</file>
            <file>file:/C:/Users/Admin/Desktop/Lab7/src/Lab7_bai7/CheckIP.java</file>
            <file>file:/C:/Users/Admin/Desktop/Lab7/src/lab7/myAdress.java</file>
        </group>
    </open-files>
</project-private>
